date,harvest_kg,month,year,lines,source
2022-12-04,23.5,12,2022,"ㅡ . 1 번동 , 5 번동 , HIS 수확함 ( 형스치 18 1380 출하 2kg 47Box, 스치 The 448)",영농 일지_ver1_73.png
2022-12-15,1.0,12,2022,"~ SHS, AHS, SHS 수확함출하 SSbox, 스치 Ikg SBox, 지인소매 \ 2Box",영농 일지_ver1_84.png
2022-12-21,24.5,12,2022,"-. 1 번동 , OHS 수확출하 S17Box, 상 380× 지인소매 32Box 스치 148",영농 일지_ver1_90.png
2023-01-11,3.0,1,2023,1월 11 일수요일날씨맑음최고기온 12 도디ㅣ - 전동수확함 . 출하특 1880 상 580% 지인소매스치 148 6Box,영농 일지_ver1_111.png
2023-01-13,7.0,1,2023,"- 전동수확함출 : 10Box, 4 4Box, 바라 2kg,",영농 일지_ver1_113.png
2023-01-17,3.0,1,2023,~ AS 수확함 100%% 익은과일만수확특지바스 6 개지인소매,영농 일지_ver1_117.png
2023-01-18,10.0,1,2023,"- 전동수확함회박스 18 개 , 특 1480× 상 2Box, 지인소매스치 18 180×",영농 일지_ver1_118.png
2023-01-22,8.0,1,2023,"~ 전동수확함출하특 16Box(M SSM), 스치 Ike 680*×( 천안상사 )",영농 일지_ver1_122.png
2023-01-24,9.0,1,2023,"… HE 수확함 _ 출하 S10Box, 상 2Box, 스치 1<9 344 3380%( 천안 ), 3x5 6Box",영농 일지_ver1_124.png
2023-01-25,1.0,1,2023,~ 어머니스치 2Box 의뢰하여일부수확,영농 일지_ver1_125.png
2023-01-27,3.5,1,2023,"ㅡ전체동수확함 - 출하 S7Box, 상 280 지인소매스치 & 1180",영농 일지_ver1_127.png
2023-01-29,19.0,1,2023,"1월 29 일일요일 SM 맑음최고기온 1 도ㅡ전동수확함 _ 출하특 1980× 상 2Box, 스치 3°5 36Box, 바라 280×",영농 일지_ver1_129.png
2023-02-01,37.0,2,2023,"~ 전동수확함 - 출하특 1080 상 180※ 스치 18 74Box, 바라 SBox",영농 일지_ver1_132.png
2023-02-03,9.5,2,2023,"2월 03 일금요일날씨맑음최고기온 3도ㅡ전동수확함 _ 출하 S19Box, 스치 8 14880× 회박스 2580×",영농 일지_ver1_134.png
2023-02-05,68.0,2,2023,"2월 5 일일요일남씨맑음최고기온 8 도ㅡ전체동수확함출하 S51Box, 스치 18 85Box, 바라 480",영농 일지_ver1_136.png
2023-02-06,10.5,2,2023,"-. MAIS 수확함 S17Box, 바라 4Box",영농 일지_ver1_137.png
2023-02-08,39.5,2,2023,"2월 8 일수요일날씨맑음최고깅온 12 도ㅡ전동수확함출하특 55 박스 , 168 스치 24 박스",영농 일지_ver1_139.png
2023-02-10,66.0,2,2023,". AS 수확함 ._ 출하지박스특 78 개 , kg 스치 44 개 , 상바라 10 개수확량전체포장못해일부지인선물함",영농 일지_ver1_141.png
2023-02-12,44.5,2,2023,"- 전동수확함 . 출하지박스특 61 개 , 168 스치 25 개 , 바라 3 개함",영농 일지_ver1_143.png
2023-02-13,9.5,2,2023,"ㅁ -. 3 번동 ~ 6 번동수확함출하지박스 15 개 , 168 스치 37H, 지인소매ㅁ tkg 스치 4 개",영농 일지_ver1_144.png
2023-02-15,34.5,2,2023,"-. 3 번동 ~ 6 번동수확함 _ 출하특 58 개 , 상 2 개 , 바라 6 개지인회박스 3 개택배배송함",영농 일지_ver1_146.png
2023-02-16,28.5,2,2023,"- 1 번동 , 2 번동 , 3 번동수확함 _ 출하특 42 개 , 상 2 개 , 스치 5 개 , 바라 8 개",영농 일지_ver1_147.png
2023-02-19,34.5,2,2023,". HS ~ 4 번몽까지수확함 - 출하특 51 개 , 상 9 개 , 바라 9 개",영농 일지_ver1_150.png
2023-02-20,30.5,2,2023,"- 전동수확함 - 출하특 37 개 , 상 5 개 , 바라 9 개 , 지인소매 tke 스치 10 개",영농 일지_ver1_151.png
2023-02-22,18.5,2,2023,"-. 4 번동 ~ 6 번동까지수확함 . 출하특 25 개 , 상 7 개 , 바라 5 개",영농 일지_ver1_153.png
2023-02-23,19.0,2,2023,"-. WS ~ 4 번동수확함 . 출하특 14 개 , 상 19 개 , 바라 5 개",영농 일지_ver1_154.png
2023-02-27,35.5,2,2023,"~ 전동수확함 _ 출하특 26 개 , 상 31 개 , 바라 14 개",영농 일지_ver1_158.png
2023-03-01,26.5,3,2023,"3월 1 일수요일날씨흐림최고기온 6도디 | -. 전동수확함출하특 4 개 , 상 19 개 , 바라 10 개 , 지인소매특 10 개디 ， - 고무내외분방문하여지박스 10 개구매해주심니 | - 아림부터흐릴으로양액 3 분 /1 회 > 1 분 30 초 /1 회로변경해줌ㅁ디ㅣ koe. ae ea ae",영농 일지_ver1_160.png
2023-03-03,14.5,3,2023,"경 3월 3 일금요일날씨맑음최고기온 12 도ㅁ -. 전동수확함출하특 10 개 , 상 10 개 , 바라 9 개ㅁ",영농 일지_ver1_162.png
2023-03-05,30.0,3,2023,"~ 전동수확함 _ 출하스치 33 개 , 특 9 개 , 상 8 개 , 바라 10 개",영농 일지_ver1_164.png
2023-03-06,21.5,3,2023,"디 | ~. 전동수확함 _ 출하특 5 개 , 상 3 개 , 스치 1<9 23 개 . 바라 2 개ㅁ지인소매 ARI1kg 72H, 바라 10 개",영농 일지_ver1_165.png
2023-03-07,26.5,3,2023,"+. NS 수확함 _ 출하스치 1<9 37 개 , 특 4 개 , 상 2 개지인소매바라 10 개",영농 일지_ver1_167.png
2023-03-09,64.0,3,2023,"-. 전동수확함 _ 출하 AR 1kg 105 개 , 특 10 개 , 상 3 개 , 바라 10 개",영농 일지_ver1_169.png
2023-03-12,77.0,3,2023,"-. ME 수확함 _ 특 38 개 , 상 4 개 , 스치 8 100 개 , 발 12 개",영농 일지_ver1_172.png
2023-03-15,30.5,3,2023,"~ 전동수확함 . 출하특 33 개 , 상 7 개 , 스치 18 21 개 , 바라 17H",영농 일지_ver1_175.png
2023-03-17,27.0,3,2023,"- BS 수확함 _ 출하특 25 개 , 상 11 개 , 스치1 13 개 , 바라 5 개",영농 일지_ver1_176.png
2023-03-20,34.0,3,2023,"3월 20 일월요일날씨맑음최고기온 18 도ㅡ HS 수확 _ Bot 특 35 개 , 상 12 개 , 스치 18 21 개 . 바라개ㅡ전동 3 중측창좌높이조절함 ( 치마받이높이로 Was AY 온도조절차 )",영농 일지_ver1_179.png
2023-03-21,20.5,3,2023,"디ㅣ -.1 번동 , 2 번동 , 6 번동수확함출하특 16 개 , 상 10 개 , 스치 148 5 개 , 바라 10 개니 ， -. 수정벌 3 통입고됨부여최봉규사장님 010-4927-3080.",영농 일지_ver1_180.png
2023-03-24,40.5,3,2023,"~ 전동수확함 _ 출하특 45 개 , 상 29 개 , 스치1 4 개 , 바라 3 개",영농 일지_ver1_183.png
2023-03-28,48.5,3,2023,"~ AS 수확함 Sst 특 36 개 , 상 23 개 , 스치 18 24 개 , 바라 14 개",영농 일지_ver1_187.png
2023-04-03,16.0,4,2023,"어 4 월 3 일월요일날씨맑음최고이온 23 도ㅡ . 1 번동 , 2 번동 , 6 번동수확함 . 출하특 8 개 , 상 9 개 , 스치 148 5 개 , 바라 10 개",영농 일지_ver1_193.png
2023-05-03,24.0,5,2023,"5 월 3 일수요일날씨맑음최고기온 20 도ㅡ전동수확함 _ 출하특 11 개 , 상 11 개 , 바라 26 개 , 지인 Aw ㅣ개 ( 스치 148)",영농 일지_ver1_223.png
2023-05-05,31.0,5,2023,"~ BS 수확함 _ 출하특 12 개 , 상 19 개 , 바라 28 개 , 스치 3 개 ,",영농 일지_ver1_225.png
